{"cameraMode":{"drawMode":0,"name":"Shaded","section":"Shading Mode"},"sceneLighting":true,"audioPlay":false,"sceneViewState":{"m_AlwaysRefresh":false,"showFog":true,"showSkybox":true,"showFlares":true,"showImageEffects":true,"showParticleSystems":true,"showVisualEffectGraphs":true,"m_FxEnabled":true},"in2DMode":false,"pivot":{"x":50.1367301940918,"y":0.9165217876434326,"z":53.02088165283203},"rotation":{"x":0.035772569477558139,"y":-0.39757466316223147,"z":0.015506789088249207,"w":0.9167477488517761},"size":4.79153299331665,"orthographic":false}